,g,s,p
0,1_TWHQ-22-221-T1215,T1215,MGI3339xMGI3341xTWKHxT1215
1,2_TWHQ-T1135-21-75,T1135,MGI2578xMGI2581xTWKHxT1135
3,4_TWHQ-21-194-T1149,T1149,MGI2578xMGI2581xTWKHxT1149
4,5_TWHQ-22-181-T1189,T1189,MGI2904xMGI2917xTWKHxJAxT1189
5,6_TWHQ-T1145-21-248,T1145,MGI2578xMGI2581xTWKHxT1145
6,9_TWHQ-22-295-T1214,T1214,MGI3339xMGI3341xTWKHxT1214
7,10_TWHQ-22-287-T1183,T1183,MGI2904xMGI2917xTWKHxJAxT1183
8,11_TWHQ-22-142-T1169,T1169,MGI3339xMGI3341xTWKHxT1169
9,12_TWHQ-22-290-T1187,T1187,MGI2904xMGI2917xTWKHxJAxT1187
10,14_TWHQ-T1103-21-106,T1103,MGI2578xMGI2581xTWKHxT1103
11,15_TWHQ-T1091-21-106,T1091,MGI3172xMGI3298xTWKHxT1091
12,16_TWHQ-T1022-20-39,T1022,MGI3339xMGI3341xTWKHxT1022
14,17_TWHQ-T1182-22-264,T1182,MGI2904xMGI2917xTWKHxJAxT1182
15,18_TWHQ-22-48-T1211,T1211,MGI3339xMGI3341xTWKHxT1211
16,19_TWHQ-21-199-T1134,T1134,MGI2578xMGI2581xTWKHxT1134
17,20_TWHQ-T1036-20-151,T1036,MGI3172xMGI3298xTWKHxT1036
18,21_TWHQ-T1163-21-38,T1163,MGI2578xMGI2581xTWKHxT1163
19,22_TWHQ-T1069-20-185,T1069,MGI2129xMGI2308xMGI2311xTWAPxT1069L
20,23_TWHQ-22-172-T1210,T1210,MGI3339xMGI3341xTWKHxT1210
21,24_TWHQ-T1090-21-166,T1090,MGI3172xMGI3298xTWKHxT1090
22,25_TWHQ-T1185-22-253,T1185,MGI2904xMGI2917xTWKHxJAxT1185
23,26_TWHQ-22-178-T1201,T1201,MGI3339xMGI3341xTWKHxT1201
24,27_TWHQ-T1114-21-289,T1114,MGI2131xMGI2132xTWAPxT1114R
25,28_TWHQ-21-8-T1139,T1139,MGI2701xMGI2706xTWKHxT1139
26,29_TWHQ-T1123-21-274,T1123,MGI3339xMGI3341xTWKHxT1123
27,30_TWHQ-T1096-21-95,T1096,MGI2701xMGI2706xTWKHxT1096
28,31_T1038,T1038,MGI3172xMGI3298xTWKHxT1038
29,32_T1040,T1040,MGI3172xMGI3298xTWKHxT1040
30,33_T1133,T1133,MGI2578xMGI2581xTWKHxT1133
31,34_T1167,T1167,MGI3339xMGI3341xTWKHxT1167
32,35_T1179,T1179,MGI2904xMGI2917xTWKHxJAxT1179
35,36_T1106,T1106,MGI2129xMGI2308xMGI2311xTWAPxT1106R
37,37_T1137,T1137,MGI2578xMGI2581xTWKHxT1137
38,38_T1055,T1055,MGI3339xMGI3341xTWKHxT1055
39,39_D1127,D1127,MGI2578xMGI2581xTWKHxD1127
40,41_D1173,D1173,MGI2701xMGI2706xTWKHxD1173
41,42_T1186,T1186,MGI2904xMGI2917xTWKHxJAxT1186
